{
  "fg_fraction": {
    "mean": 0.003050335453807454,
    "std": 0.006433054386580593,
    "min": 0.0,
    "max": 0.057659149169921875,
    "q01": 0.0,
    "q05": 0.0,
    "q25": 0.0,
    "q50": 0.00024080276489257812,
    "q75": 0.0022449493408203125,
    "q95": 0.01842994689941406,
    "q99": 0.029760265350341764
  },
  "n_components": {
    "mean": 3.0336929660659395,
    "std": 2.9535222516982236,
    "min": 0.0,
    "max": 22.0,
    "q01": 0.0,
    "q05": 0.0,
    "q25": 0.0,
    "q50": 2.0,
    "q75": 5.0,
    "q95": 9.0,
    "q99": 12.0
  },
  "lcc_fraction": {
    "mean": 0.5316239367715344,
    "std": 0.38338679462357556,
    "min": 0.0,
    "max": 0.9999999999909472,
    "q01": 0.0,
    "q05": 0.0,
    "q25": 0.0,
    "q50": 0.5597826056533554,
    "q75": 0.9404300147995771,
    "q95": 0.9999999945652175,
    "q99": 0.9999999999735836
  },
  "size_entropy": {
    "mean": 0.4886384405451559,
    "std": 0.570492965917383,
    "min": 0.0,
    "max": 2.4150446735323783,
    "q01": 0.0,
    "q05": 0.0,
    "q25": 0.0,
    "q50": 0.1902895766042932,
    "q75": 0.9339032586457549,
    "q95": 1.5782191600634654,
    "q99": 1.9091593330504506
  },
  "border_touch_fraction": {
    "mean": 0.10012476237025404,
    "std": 0.16079962476026022,
    "min": 0.0,
    "max": 1.0,
    "q01": 0.0,
    "q05": 0.0,
    "q25": 0.0,
    "q50": 0.05274825585186151,
    "q75": 0.1158273381294964,
    "q95": 0.37784867821330903,
    "q99": 1.0
  },
  "skel_len_mm": {
    "mean": 645.2681806706255,
    "std": 996.9490162698118,
    "min": 0.0,
    "max": 7586.563998680852,
    "q01": 0.0,
    "q05": 0.0,
    "q25": 0.0,
    "q50": 137.6073204806305,
    "q75": 885.9721910247207,
    "q95": 2974.972476786829,
    "q99": 4049.036031425583
  },
  "radius_mean_mm": {
    "mean": 0.7959295533652313,
    "std": 0.868467557965807,
    "min": 0.0,
    "max": 9.030264793604054,
    "q01": 0.0,
    "q05": 0.0,
    "q25": 0.0,
    "q50": 0.7001943216379017,
    "q75": 0.8657876328849744,
    "q95": 2.5217693412721474,
    "q99": 4.542974747865262
  },
  "radius_median_mm": {
    "mean": 0.7261039923342661,
    "std": 0.882225280339532,
    "min": 0.0,
    "max": 9.417569012989741,
    "q01": 0.0,
    "q05": 0.0,
    "q25": 0.0,
    "q50": 0.5689142855576107,
    "q75": 0.7825390684604645,
    "q95": 2.0513160926031113,
    "q99": 5.151976140768612
  },
  "endpoint_count": {
    "mean": 8.664054808832098,
    "std": 12.747716762323032,
    "min": 0.0,
    "max": 116.0,
    "q01": 0.0,
    "q05": 0.0,
    "q25": 0.0,
    "q50": 3.0,
    "q75": 12.0,
    "q95": 38.0,
    "q99": 54.0
  },
  "bifurcation_count": {
    "mean": 888.6405279971069,
    "std": 1383.5441728610724,
    "min": 0.0,
    "max": 10627.0,
    "q01": 0.0,
    "q05": 0.0,
    "q25": 0.0,
    "q50": 181.0,
    "q75": 1211.0,
    "q95": 4135.0,
    "q99": 5624.8399999999965
  },
  "branch_density": {
    "mean": 0.6637744767936953,
    "std": 0.4222209814570684,
    "min": 0.0,
    "max": 1.0,
    "q01": 0.0,
    "q05": 0.0,
    "q25": 0.0,
    "q50": 0.9289099526066351,
    "q75": 0.9603209986625055,
    "q95": 0.978629159526008,
    "q99": 0.9961240144044732
  },
  "topology_score": {
    "mean": 1.348675204428558,
    "std": 0.8416859656235314,
    "min": 0.0,
    "max": 2.0,
    "q01": 0.0,
    "q05": 0.0,
    "q25": 0.0,
    "q50": 1.8743718592207268,
    "q75": 1.9305623471864706,
    "q95": 1.9630879536630115,
    "q99": 1.9933479476441733
  },
  "complexity_score": {
    "mean": 0.00015009145573070378,
    "std": 0.0002194637440275716,
    "min": 0.0,
    "max": 0.00600193042937496,
    "q01": 0.0,
    "q05": 0.0,
    "q25": 0.0,
    "q50": 0.00011184728755594263,
    "q75": 0.0002049584431242098,
    "q95": 0.00043202931971318784,
    "q99": 0.0009481585069466183
  }
}